{"pitch": [-3.490584465516752, 13.296898542720482, 184.21086930978473, 52.77364611273311], "energy": [-1.0698884725570679, 9.048224449157715, 26.259949763474197, 24.544569622289146]}